6ad0c6e6708940d89d3ff8495987dbba,0
c490c5277a4643ad8dd1ba70b4fb5ae6,1
d1efb5dc0fbb4d74891c8df9034a4047,2
bd521dd30fa747179e61c45a68c3fcf5,3
1272150be1f444d8892941721db555a3,4
af3871a1f1f44d2a98b302449dae81f2,5
2d44b66a3ab041b0bf46a3dbaeb84576,6
721e49f7f16841e19ff5005610c98dae,7
f3030c999ba545d4b1611cf755aad8ac,8
9d5dcc75a6414971bdb854f30a59da6b,9
27bc328f23ff4ba9bfa570fc69f99284,10
2e7aa8e7a33a4cad87e9b54a50598cac,11
9085d477c7034d78943ecdcfdd692bdd,12
ad6de183203341d29845b4875d8d4840,13
fe86a86798064bbda2cc63563c393a00,14
3c19f5c8c11b4d4b9adfe0e21db2d6e7,15
df436e9accd74a2690c8417a0f64a77a,16
971b69da32f44181900c586fc53a84ff,17
38ef8972c34b4e25bf6d7b9c0bdb6e19,18
d9346807d85a42e388ebbc4fa9e7f1d2,19
a03fb9a3a3c94462bbfe29c7a84f1fa8,20
1572d62feaf04952a2c8b2a072bedb39,21
6fc521bf8d10478bb0586f82a3a731cf,22
767a18c847c0401a8f961b24a277a692,23
8b052954e7c748c3b2196bcb0ae74eb7,24
29a68961231c453e9528c07ef624ef0a,25
524f3b5f77c34a1282b22ddd59c82b2b,26
73e755b49cd74cdfb595bed5ccd7e42f,27
3f1b59e1fb2f463b818ada7f8b5e56b4,28
bdb7758f218d41b091320f8b11067b28,29
ad22b534f3784b5bbdcfeadc64a78836,30
d784d0e371f0449ab3c2343fb6c858c6,31
6ae44086074a43d5833e35f64db56957,32
00650a07861341abbe01f7f01b0b5c6c,33
943219b75b514b36ab87f9e506a653bf,34
c10012a3e14d4b11bd4686d0b6bd20c0,35
e75a5ec17b8d4c1c8b90a10f117ad6a4,36
530805412a284d7794551313e90ea38b,37
d6adb1c3a0d84582b0b036fe47b5a525,38
000b59a3255d40c193364cd837fdff08,39
61324dc5ec054173b669cfc6b65b7984,40
c7e6ff7622b54ef2b3fd384b2e639a53,41
bb39167d2c8e45229f9d08378dda7a15,42
fab604d0d77048eeb9113dc8a64389a5,43
bec8affe02d24f82a6fb3ecd9fddeb4b,44
4ca6db73da8c4c449525e58a32ea2b00,45
01d09a3953764117bd2fb735d47f6c2e,46
a4abb18acab443dfbb9e9b5699480a2c,47
c45000c3e7d74d568cbf13d7192f22bf,48
c71f025d1db24076938b699e7477857a,49
429780b6c78f44608883562a3d076d8b,50
810894b93ca64dc29aef5a5260261849,51
93e3e47d1265419586d9794ed851340f,52
8b9b8cfa6d7141d69adad78fc7c1c9fe,53
5ef3f605fb664fed8e2ca72aa0e466f5,54
28b3fb2039ce4b7492a53f94e578a4b6,55
668f910e45914ebcaada013f61010d93,56
6c2876d19bbd436b8c974641fd86b351,57
1e463a7118514f72bf41f821308d9b4d,58
8e7c3e2f355245d585daa2be173eaeb0,59
95a2aa10369a46e4ba7119c5195c9bd1,60
d6fee6efc0144e088c5cc6405b27f766,61
f255120f539d4e5f93aefa2b4b707c0c,62
173e3f2494784fa1a5ee3841ef2e9792,63
c2210971c9b8449084f3f091c95d8647,64
760a5b28e4c84dfca51ec2dcecf95335,65
ec2482021b884350b0abd29c59e5ece6,66
1141e39c3336496eb390ef919bca39a0,67
2a826e5c61db47c394a079691e52ae96,68
62970932ac014faeaccac2e639bca2af,69
7d70e311fa6f4105a5065d5540f3ecab,70
64d5e3218c37407598191fea10b8b44a,71
42867143ab684b1ca5da6e19962bb811,72
be2533a32e0c46cda84bfee158d33b55,73
aa2c05977e0044e6a468aa00fe118a78,74
753425d9fb574697add3dee36f80aa6d,75
a240991bcbfd4c139826da9f562756d1,76
c4c20c9c2383477dbb4d82866a7e5b1b,77
63fc8e3ae41e4f6b9c698646407efb9f,78
7a5e0d10318d490cb0643159d405ef45,79
344fb048a91142a49e05064c8719b9e2,80
6680561e7f424d5181faa094a92d8185,81
24fa8ddda19445c581cd89f1c249f6f1,82
fdd9787c76b9409d95f1326324c0b03e,83
d1c65865705c41ea9353e8ba14cdad68,84
8208ab3b018b4492a0865d0004ea1caf,85
9662590fa2a145daab3af591d49c78af,86
da10c3a28e724961876fabd4d116a5ec,87
de5af57ea09642ba8427fcfea7f358ed,88
5c5c78f4f4ff4f36a94e342f8a8b911b,89
e233f723d6ab422291f52fccbcd91e9c,90
d7a0b52a76424f9aa207d1c20dfb3e4c,91
944acbf5037a45b9a6d320948af649c8,92
25dea551991542efb6fd59f59905a569,93
fd1037c061904530a198a440fcb1d3dd,94
67ee7838928f4e6da3cdc82559ce6dd9,95
9b1d12dd10bd474c98e1dc6279fbee0e,96
98760d7c4a6d476c98d37ff951d6da67,97
e9c60a9266bf462a8a9f44c8507dde7f,98
a211e78c1fc247d8bffb500572584f38,99
03026477f7ab4e73873c31be07c703b4,100
9c5b157f7a1740ce891bb83af38923f8,101
17acd610713148cfac9bf3f5a664ece6,102
e15d93b42cb5422c9098e20bba352bde,103
86ee0e567ac74a1eb01f23aed4ea230c,104
70923505971e4918870bbd1566c8ca40,105
466bdf95ac3f4e1fbc74a986ebfa3506,106
3c6e013759c2453eabbf070b5a32424b,107
103f4a8d81c44840b0fbcbf79af04c17,108
b5aa87c9dc0440738392dc4cacd19a52,109
75d2bbc79ac04bd482e8abb878a46405,110
7727f0ba88d9400a9002504b669bfa39,111
b7e3ce53ae524f92b791b3758cab95b6,112
f94db7df183b4344a79131fd095a0e0b,113
540d2b1a1cfe4b148f2d98caf06956e1,114
70bff1e624ce422f92eaf16bac76f33f,115
b937273047124a56aaca20b5c585b24e,116
274897ef30b447da9a2b444551ae9d35,117
652137f9e3fe4144bbc387380c329306,118
ce629d8f5d8947fba39b1afa6459be42,119
354177515c1948d39541535c6426ee2e,120
358a040b3cb54193aa1adf1e8e3e55a2,121
6fb3d508f0cf41f7a98f1722e4f28fa5,122
b333170ba4c04c58a8c7215fae9771ae,123
d93261edc4ce4206ad099f9307d95038,124
de10ff750cde40a88a906db8786827d2,125
c92b2806786f43aeab342f111e9be0d4,126
6de308eb238b4285830e1b76e41fd1f2,127
2fd3267f703e40878396aaae0780439d,128
9c964b79be7048a89189078663413af7,129
b71346f8421843c8b9e07fe4c8cddef5,130
7f738649df954c3aaf730a02e1824a87,131
daeb1a5b8f7043329071d6693df62d33,132
2b920ebebf60461b93e6f13f4d8ae493,133
c376441d177b401196724c160dd932db,134
360ea01ee91c4128b15fb993755c6aac,135
218d276c4eda4e1b9d49bf9d74665968,136
030b374445814fc6993e67387123b2a2,137
a1e419290cbc43ca95e97b04a5befc1b,138
c26db7072db040a6a8a3430b1a9cee37,139
31784318855443079586387fa7c05a48,140
a28ca4e052ef49bab760a7a013b00c84,141
1fe21046dc5b4a3eaf7df7edf215c25d,142
1d64cd3e67d14aaa8b0c1c9bfd0fbaba,143
4a36a93692714d0bbcbe9c3388476aae,144
b258b549bfa94642ab4f310930fca0f3,145
867ff127bfb44b0fac8859d94964ff04,146
3a6357217f8848f1af579bedff74c74b,147
7d79b304836f4b68a7556cb630d6b480,148
0940d3f90b054f35bf5e553b6082c493,149
773a9c53f9ae4131a03e401d5ae34490,150
fd35bd985c0c4ace8697f221fc39e8ac,151
62cfcb660e6741f99f7eb7aa8c5911bc,152
89b8e47df16f4736a085a94548523fe1,153
5476f4bfcd4948aea86c2ce71858da13,154
114449ed075f4dac9d9689fc12cfce92,155
fb73950694e7402d923a4a284587e3f2,156
96fe19d3f9504582bb410397985dcadb,157
efd61b10c0ea456a90092561d79d8301,158
28f1a6f407f8448b8e1e1a5663b4f7fd,159
872361af7f164088bc8b8c1531d4edce,160
190b4c363f9a4645943fdfda7f7f5ac1,161
b936d32523d44f29b3ac204cfab5d9b3,162
ad7833f52ef7410283d10f65f29421f7,163
9b6381e1ece1443fbb650a0a8ef9ee2e,164
6b1abe27cbdf4d2ca8592e9154d49f7e,165
dd6a2e8a7d7f4999a28c306e2c055e4f,166
38f8241ffc9a4a2fa1833be5ae50fee0,167
40ec868006b045d0b105399b48147e69,168
d3de257905e44fa9adb11c8baf70768d,169
e9592a48c400468b8da8bff8123d9585,170
acd77fdccd7446c9bcc37cdf97578084,171
02dcd5b6ea6143acaf165aa88741d2de,172
7043b5b70bf3408eb1d166a12517baac,173
d659f405679647c68b2dea328a48b487,174
74b0a0256dc94434959cb3c550600f19,175
ae34a25165f749ea8c8e26f549ef5e03,176
655f2205df40428889105f39e9484551,177
26d69ff170d64600a56adc5018c90dae,178
ca0f88339e6f46a99aed6e235db59597,179
243234376a544638828814f46512b968,180
dbab696a9b6048348ebcb76c631a16cd,181
beb297f388a941ada15ba77dd5e1872b,182
c8262753111c40fea5ab8962f9474bd3,183
1eb0852186de4f28b91b952455361cfb,184
922810c3e0b24a018bfd9e87693a281a,185
28287cd7a5dd4897b109ba364ce95e61,186
27baa02ddbc348aeb6b345d2aca5d3a5,187
d9b9e13168774edc8721445004e54477,188
71c44e66a7f54ae9b5bab812119d417c,189
99b80e762fb4497fb6e584a7742b2feb,190
c5d9988338104c5cae83a013df3ff650,191
b8d28bbcccff4d339c090ec73bc24dd8,192
224e18c16e7a4ce29a812860797fdc1b,193
7d535dfa87bd469a9d5886f5627bc1d0,194
60468035c4c44f899e937e1700d032dc,195
109b30c83f3f4ee79e73ce3c73ff1e96,196
d443268418da45118b435b7529b6f4f0,197
fcaacb19c5d34c5295069144da541def,198
1de0c843ebe74c5eb6b56f9f8cd46e35,199
2cb0ebaf06854184a00372b8b38916c8,200
caeeab6966694c49be9fbb6ab1b947e0,201
0ae438c7ef274f519fd84d9277be2b3c,202
11e16f8ed99d494b9cf023f348c0e450,203
51875622a7014690b1cd6708e6180b73,204
12024fb69c164e48876552c430e90840,205
949dd5f8ed6046f8a4cdc57c408a3545,206
dc394480ff164d0ab7921712a38f75a0,207
e28ef79191094724857274e27f7f4b04,208
6cb93e1087a9440f852e447775077d8e,209
091d6f571dc84e598244cc6482bf0726,210
f19fb002e59b438db78e5eca7be9a8b9,211
4e29c446082c4f4289fdd0aee76540b8,212
cf1a5c5b31244e12ba2aee8355306aff,213
1ebd0a3cdc55434ea64c1af8862a7205,214
d1c43b54cdd046a3a7d789ef54161542,215
87ad539334674e97a7e3bd8436d998ed,216
55cde465ff004de3b2bb6ed2e71cb0f1,217
8688f0c3392a4d679337bb6a636f04fb,218
804022e720c9454b9db85cb34f1ef36c,219
20ffd927bcec409c96e7629f24b8954f,220
f36f516abbd84729a19cc790b9062a3f,221
56bdcc8296c54abcbf342f4c67ed1f19,222
0d323b9bee114e0099087c54b20ae7c5,223
b4b44bcd96104ee1a803059bfa98b3c8,224
07db10deaa1947a0933ee62b821dbf97,225
e23f1aa39d5245f592f359e1d1b60d3b,226
666cc019202244b0b1366a34d9b868dc,227
fd391812c3294aa295632cae0cf4348a,228
08605aac69744310bc5ad4db2b57023b,229
9528db0619da477ca2ff037f9f69654c,230
31d4062f07d64d7d878998f5a867ed73,231
0838e0fe0c644b3e94f2072dfcbc0dd6,232
55011cd698554b05a2ce819c61971c16,233
b9a19eddb74a4c258cecb816f7ee1f3f,234
920c608535fe48afb68f17c2e493dd03,235
53e07e2a1802419b984be571e26e33cc,236
f0eb7db857b84994974eaef72b11b862,237
3f47322e751e4bde88ca6f30626272a5,238
3d76043005a44b39bc9c9cbb8da8338a,239
8bac390a95e246f4852b5439a74a482f,240
f2910688d4d147d480a6af6188b844dc,241
e3a1f6f59f02402ab32bc9d6ea8c2085,242
913e87d61940485eb4e682efc4b84440,243
cabb4f9da6f9488690f0b60a42a2312b,244
e2612e8f8a334bc3aa818b3769cccaf4,245
1588bf73f6c2493c85debfa0e4d7234f,246
38d1fb6aa9e34d1f8f978caf852e7d9b,247
e2ee2c4affd64de2a373f57ced18c4f3,248
9a9899ef18e24b6ca4f22c4fa624ef39,249
